{"unix_time": 1783281667.018837, "lsl_clock": 33647.2839933}