{"unix_time": 1783267448.0959303, "lsl_clock": 19428.3425999}