{"unix_time": 1782230307.8107612, "lsl_clock": 1782230307.8107612}