{"unix_time": 1783272771.5881755, "lsl_clock": 24751.8348458}